0,1,2,3,4,5,6,7,8,9,10,11,12,13,14,15,16,17,18,19,20,21,22,23,24,25,26,27,28,29,30,31,32,33,34,35,36,37,38,39,40,41,label
0.7483401298522949,0.660668134689331,0.6907517910003662,0.6426526308059692,0.650481641292572,0.5892953872680664,0.6364319324493408,0.5316425561904907,0.6225740909576416,0.4840901792049408,0.6667667031288147,0.4932235777378082,0.6518396139144897,0.4247443377971649,0.645151674747467,0.38206765055656433,0.6404246687889099,0.3447268009185791,0.6951364278793335,0.4776311218738556,0.6778017282485962,0.4027060270309448,0.6680992841720581,0.354544997215271,0.6587690114974976,0.31375688314437866,0.7236387133598328,0.47919216752052307,0.7084581851959229,0.40929102897644043,0.6978123188018799,0.3671420216560364,0.6871782541275024,0.33123213052749634,0.7575300335884094,0.4930042326450348,0.747450053691864,0.4382861256599426,0.7373265624046326,0.40583309531211853,0.7254902124404907,0.37790998816490173,open_palm
0.7399312853813171,0.660814106464386,0.6823199391365051,0.6445366740226746,0.642485499382019,0.5894972085952759,0.6290225982666016,0.5316805839538574,0.6144890189170837,0.485312283039093,0.6595979928970337,0.49607735872268677,0.6439267992973328,0.42763909697532654,0.6364774107933044,0.3848835229873657,0.631106436252594,0.3475267291069031,0.6879157423973083,0.47968965768814087,0.6698619723320007,0.404945969581604,0.6596986055374146,0.3563167452812195,0.6503503918647766,0.3154382109642029,0.7168241143226624,0.4809713065624237,0.7008640170097351,0.41004714369773865,0.6902039051055908,0.3682659864425659,0.6799849271774292,0.33251065015792847,0.7512338161468506,0.4946605861186981,0.7402512431144714,0.43973466753959656,0.730007529258728,0.40720027685165405,0.7184895277023315,0.3786637783050537,open_palm
0.7391013503074646,0.6569412350654602,0.6828672289848328,0.6440926790237427,0.6431710720062256,0.5896980166435242,0.6297898888587952,0.5319614410400391,0.6140600442886353,0.4856376051902771,0.6587381362915039,0.4964805841445923,0.6428675651550293,0.4282124936580658,0.6355684995651245,0.3849758207798004,0.6303116083145142,0.34733960032463074,0.6869695782661438,0.4801193177700043,0.6686426997184753,0.40569883584976196,0.6584314703941345,0.3566704988479614,0.6487144827842712,0.3154858350753784,0.7156006097793579,0.4821748435497284,0.6995289325714111,0.41041940450668335,0.6888510584831238,0.36742693185806274,0.6784858107566833,0.33049583435058594,0.749698281288147,0.4968155324459076,0.7384113073348999,0.44203001260757446,0.7282818555831909,0.40878182649612427,0.7168882489204407,0.379252552986145,open_palm
0.734478235244751,0.6576249003410339,0.6772974133491516,0.6421844959259033,0.635247528553009,0.5904301404953003,0.6199187636375427,0.5337548851966858,0.60438472032547,0.4869040548801422,0.6489587426185608,0.49634212255477905,0.6317095756530762,0.4315278232097626,0.6241041421890259,0.39042627811431885,0.6182536482810974,0.3536335825920105,0.6764377951622009,0.4798256754875183,0.6564711928367615,0.4087793231010437,0.6441944241523743,0.362434983253479,0.6326124668121338,0.3223530650138855,0.7048083543777466,0.4798077940940857,0.6879292726516724,0.4115693271160126,0.6752042770385742,0.37056320905685425,0.6625928282737732,0.3347325325012207,0.7384454607963562,0.4916270673274994,0.727219820022583,0.43827301263809204,0.7160028219223022,0.4065564274787903,0.7036029100418091,0.37863096594810486,open_palm
0.733423113822937,0.6561772227287292,0.6767734289169312,0.6407325267791748,0.6365435719490051,0.5872913002967834,0.6220049262046814,0.5301086902618408,0.6062508821487427,0.48369425535202026,0.6505706310272217,0.4943033754825592,0.63491290807724,0.4278402328491211,0.6276123523712158,0.3863469064235687,0.6220492720603943,0.3499877452850342,0.6778177618980408,0.4784839153289795,0.6593659520149231,0.405587375164032,0.6492525339126587,0.3585541546344757,0.6395866870880127,0.31887608766555786,0.7056873440742493,0.4796152114868164,0.6894897818565369,0.4116593897342682,0.6784797310829163,0.3706369996070862,0.6676077246665955,0.3354409337043762,0.7392728328704834,0.49228960275650024,0.727836012840271,0.43894055485725403,0.717365026473999,0.4075334072113037,0.7055394649505615,0.38033148646354675,open_palm
0.7269460558891296,0.6666058301925659,0.6701815128326416,0.6468768119812012,0.6296929121017456,0.5914101600646973,0.6154051423072815,0.5330604910850525,0.6006684303283691,0.48432570695877075,0.6470384001731873,0.4969881772994995,0.630725085735321,0.42959362268447876,0.6228916645050049,0.3875812888145447,0.6172240972518921,0.3502192497253418,0.6751397848129272,0.48192596435546875,0.6567416787147522,0.40896114706993103,0.6453103423118591,0.3605082929134369,0.6346938014030457,0.31878650188446045,0.7040855288505554,0.48414361476898193,0.6875573396682739,0.41414323449134827,0.6763325333595276,0.3721718490123749,0.6654781103134155,0.33534637093544006,0.738177478313446,0.49897366762161255,0.7268764972686768,0.4453149437904358,0.7160895466804504,0.4126311242580414,0.7047590613365173,0.38356608152389526,open_palm
0.7251577973365784,0.6596506834030151,0.669806182384491,0.643017053604126,0.6304312944412231,0.5882703065872192,0.6163021922111511,0.5310616493225098,0.5995907187461853,0.48454776406288147,0.6454848647117615,0.49301162362098694,0.6304193139076233,0.42504963278770447,0.6235363483428955,0.38304197788238525,0.618826150894165,0.3463810086250305,0.6734893918037415,0.4780339002609253,0.6558015942573547,0.40329214930534363,0.6465182304382324,0.35557472705841064,0.6377039551734924,0.31564199924468994,0.7023814916610718,0.4807741641998291,0.6864702105522156,0.4096766710281372,0.676563560962677,0.36773422360420227,0.666877806186676,0.33130547404289246,0.7365990877151489,0.4960302412509918,0.7255367636680603,0.44155317544937134,0.7157566547393799,0.40838271379470825,0.7047138214111328,0.37869107723236084,open_palm
0.7231844663619995,0.6593559384346008,0.6664508581161499,0.642845094203949,0.6268989443778992,0.5885621905326843,0.6132999658584595,0.531326949596405,0.598775327205658,0.4847317934036255,0.6428465247154236,0.4955865740776062,0.6276082992553711,0.4279770851135254,0.6208313703536987,0.38584303855895996,0.616338312625885,0.34833410382270813,0.6710633039474487,0.47978198528289795,0.6533318758010864,0.4053517282009125,0.6435087323188782,0.35743141174316406,0.6343820095062256,0.31639817357063293,0.6998676061630249,0.4814687967300415,0.6842442750930786,0.4109531342983246,0.6740413904190063,0.36954885721206665,0.6643131971359253,0.33371448516845703,0.7338892221450806,0.4955560863018036,0.7225433588027954,0.4414087235927582,0.7126106023788452,0.409093976020813,0.701534628868103,0.3802822530269623,open_palm
0.7214164733886719,0.6606476306915283,0.6655690670013428,0.6445455551147461,0.6263223886489868,0.5897653698921204,0.6119877696037292,0.5329080820083618,0.5955244898796082,0.4867590367794037,0.6414207220077515,0.4969685673713684,0.6255283951759338,0.429415225982666,0.6179981827735901,0.3873162269592285,0.6128333210945129,0.3504904806613922,0.6693553924560547,0.48104482889175415,0.6513121724128723,0.4064209759235382,0.6412530541419983,0.35816383361816406,0.6319045424461365,0.317939817905426,0.6980963945388794,0.4827154576778412,0.6821461319923401,0.4116586148738861,0.671811580657959,0.36976978182792664,0.6616767644882202,0.33382394909858704,0.73189777135849,0.49672526121139526,0.7207642793655396,0.4421817362308502,0.7105714678764343,0.40915966033935547,0.698955237865448,0.3801409602165222,open_palm
0.7161686420440674,0.659736156463623,0.6599099040031433,0.6459285020828247,0.6201940774917603,0.594444751739502,0.6058846116065979,0.5378433465957642,0.5904741287231445,0.49011000990867615,0.6346040368080139,0.49888676404953003,0.6175134778022766,0.43104788661003113,0.6098380088806152,0.3888195753097534,0.6048411726951599,0.35203611850738525,0.6620278358459473,0.482553631067276,0.6426681280136108,0.4087219834327698,0.6325967907905579,0.36085090041160583,0.6238929629325867,0.3208765685558319,0.6905128359794617,0.48406705260276794,0.6730925440788269,0.4135857820510864,0.6624768972396851,0.3717958927154541,0.6526376008987427,0.3351641893386841,0.7248831987380981,0.49739310145378113,0.7131666541099548,0.4434172511100769,0.702547013759613,0.41099676489830017,0.6905314326286316,0.3816814422607422,open_palm
0.7144914865493774,0.6626425981521606,0.6580982208251953,0.6466827392578125,0.6186069250106812,0.5935980081558228,0.6040387749671936,0.5372797250747681,0.5878817439079285,0.49129045009613037,0.632460355758667,0.5000079274177551,0.6158331632614136,0.4325706958770752,0.6078786849975586,0.39038360118865967,0.602310061454773,0.353707492351532,0.660060703754425,0.48352739214897156,0.6411277055740356,0.4093458652496338,0.6306352615356445,0.3618289828300476,0.6211217641830444,0.3224448561668396,0.6887394785881042,0.48485100269317627,0.671628475189209,0.41408705711364746,0.6608017086982727,0.3732406497001648,0.6505008339881897,0.33788979053497314,0.7229117155075073,0.4985062777996063,0.7111326456069946,0.4452877640724182,0.7009352445602417,0.41351884603500366,0.6896176934242249,0.38506221771240234,open_palm
0.7121694684028625,0.6610586643218994,0.6560386419296265,0.6472305059432983,0.6162561774253845,0.5943048000335693,0.601267397403717,0.5376070141792297,0.5849607586860657,0.49046769738197327,0.629738986492157,0.5003707408905029,0.6124693751335144,0.43418392539024353,0.6044439077377319,0.3928603529930115,0.5987859964370728,0.35654789209365845,0.65659099817276,0.48359787464141846,0.6372687220573425,0.411133348941803,0.6263641715049744,0.3637869358062744,0.6164841651916504,0.3242110013961792,0.6847589015960693,0.484703004360199,0.6677618622779846,0.4148574471473694,0.6565921306610107,0.37369516491889954,0.6456084847450256,0.33751747012138367,0.7183406352996826,0.498015820980072,0.707413911819458,0.44603776931762695,0.6971240639686584,0.4145108461380005,0.6853944659233093,0.38601523637771606,open_palm
0.7091857194900513,0.6557102203369141,0.6543533205986023,0.6392409205436707,0.6145563125610352,0.585119366645813,0.5993496775627136,0.5294103026390076,0.5826464295387268,0.4864007234573364,0.6271962523460388,0.49447542428970337,0.6114053130149841,0.4303458631038666,0.6041435599327087,0.3902740180492401,0.598646342754364,0.3552902936935425,0.6535159945487976,0.4784436821937561,0.634902834892273,0.40719377994537354,0.6251627206802368,0.36125046014785767,0.616309642791748,0.322997123003006,0.6808966398239136,0.4789917469024658,0.6647171378135681,0.41228973865509033,0.6541718244552612,0.3723757863044739,0.6438950300216675,0.3387581706047058,0.7139167785644531,0.49100184440612793,0.7026233673095703,0.4391988217830658,0.6923392415046692,0.4088590741157532,0.6809584498405457,0.3829112946987152,open_palm
0.7072288990020752,0.6538596749305725,0.6520437598228455,0.6390141248703003,0.6129729747772217,0.5875713229179382,0.5983850955963135,0.5327104926109314,0.5817839503288269,0.4884184002876282,0.6260604858398438,0.4964141845703125,0.6089902520179749,0.4315706491470337,0.6008629202842712,0.3906802535057068,0.5950620770454407,0.35467058420181274,0.652776300907135,0.4800550639629364,0.6334355473518372,0.4086116552352905,0.6226601004600525,0.36221545934677124,0.6130442023277283,0.32322853803634644,0.6806193590164185,0.4805077612400055,0.6635740399360657,0.4127259850502014,0.6528216004371643,0.3727709650993347,0.6425549983978271,0.33851298689842224,0.7138723134994507,0.49270379543304443,0.7019298076629639,0.44052809476852417,0.6913512349128723,0.4099278450012207,0.6794688701629639,0.3833194375038147,open_palm
0.6329064965248108,0.6420966386795044,0.5668465495109558,0.6154896020889282,0.5247830748558044,0.5403714776039124,0.513398289680481,0.46756789088249207,0.4976138770580292,0.4101926386356354,0.55129474401474,0.42977550625801086,0.5372865796089172,0.34254175424575806,0.5330173373222351,0.28835487365722656,0.531686544418335,0.24158602952957153,0.5873971581459045,0.4139728844165802,0.5719320774078369,0.31799593567848206,0.5644553303718567,0.256425678730011,0.5580303072929382,0.20517024397850037,0.622352123260498,0.4187024235725403,0.6088806986808777,0.32875946164131165,0.6004414558410645,0.2756842076778412,0.5928292870521545,0.2307535707950592,0.6610398292541504,0.4391978681087494,0.651355504989624,0.3695644736289978,0.6423445343971252,0.32784223556518555,0.632113516330719,0.29138460755348206,open_palm
0.6311029195785522,0.691682755947113,0.5740299224853516,0.6689032316207886,0.5367243885993958,0.6088359951972961,0.524958610534668,0.5481100678443909,0.5152768492698669,0.49910616874694824,0.5615527033805847,0.5140668153762817,0.5508167147636414,0.44526129961013794,0.5468554496765137,0.4021766185760498,0.5441265106201172,0.36303526163101196,0.5891481041908264,0.5006489753723145,0.5759889483451843,0.42484867572784424,0.5686788558959961,0.374258428812027,0.5616492629051208,0.3307737708091736,0.6166088581085205,0.5046854615211487,0.604691743850708,0.4327394366264343,0.5963459014892578,0.38801172375679016,0.5882130265235901,0.34808415174484253,0.6486184597015381,0.5208215713500977,0.6398128271102905,0.46587124466896057,0.6312464475631714,0.43187078833580017,0.6214991807937622,0.40064284205436707,open_palm
0.6281720399856567,0.6835759878158569,0.5733646154403687,0.6653620004653931,0.5320637226104736,0.607550859451294,0.5150991678237915,0.552446722984314,0.4972936511039734,0.5111364126205444,0.5566645264625549,0.5130025744438171,0.5376710295677185,0.444141149520874,0.5289013385772705,0.4020443260669708,0.5229801535606384,0.3660575747489929,0.5874513387680054,0.4987221360206604,0.5722737908363342,0.4210488200187683,0.5639097094535828,0.3708283007144928,0.5571964383125305,0.33107662200927734,0.6182380318641663,0.5016227960586548,0.6080389618873596,0.42711201310157776,0.6007158160209656,0.3813505172729492,0.5933970808982849,0.34240567684173584,0.650456428527832,0.5178627967834473,0.6490288972854614,0.46242132782936096,0.6456534266471863,0.42662566900253296,0.6412476301193237,0.3938044011592865,open_palm
0.6339294910430908,0.6777794361114502,0.5798286199569702,0.6583142876625061,0.539435863494873,0.602940022945404,0.5224515795707703,0.545035183429718,0.5091552734375,0.4961450695991516,0.565156102180481,0.5106459259986877,0.5491482019424438,0.44242221117019653,0.542610764503479,0.39971432089805603,0.5384986996650696,0.3615718483924866,0.5960692763328552,0.4960923492908478,0.5820160508155823,0.41961148381233215,0.5742167830467224,0.36838728189468384,0.5671660304069519,0.32547372579574585,0.6265808343887329,0.4996471703052521,0.6202406883239746,0.42511898279190063,0.616122841835022,0.3778476119041443,0.6109725832939148,0.33615148067474365,0.6581194400787354,0.5169084072113037,0.6588642001152039,0.4612869322299957,0.6579267978668213,0.42467427253723145,0.6555057168006897,0.3906507194042206,open_palm
0.6356468796730042,0.6785988211631775,0.5806726217269897,0.6559104919433594,0.5416222810745239,0.6002436876296997,0.5267258882522583,0.5425474643707275,0.5160048604011536,0.49351590871810913,0.5654086470603943,0.5088930726051331,0.5512134432792664,0.44150590896606445,0.5450066924095154,0.3990595042705536,0.5419431924819946,0.3616834282875061,0.5950798988342285,0.4943496882915497,0.5820571780204773,0.4185042679309845,0.5753733515739441,0.36899900436401367,0.5701131224632263,0.32746028900146484,0.6239722967147827,0.497418612241745,0.6158149838447571,0.42410802841186523,0.6104416251182556,0.3785434365272522,0.6050134897232056,0.338046133518219,0.6553297638893127,0.5137250423431396,0.653374969959259,0.4595400094985962,0.6502546668052673,0.42434507608413696,0.6457694172859192,0.39126014709472656,open_palm
0.6363320350646973,0.6778989434242249,0.5815320014953613,0.6548283696174622,0.5424869060516357,0.5987541079521179,0.5278139710426331,0.5413755774497986,0.5146607756614685,0.49366575479507446,0.5666767954826355,0.5063365697860718,0.5500051379203796,0.43840470910072327,0.5418544411659241,0.39616063237190247,0.536875307559967,0.3591268062591553,0.5973321795463562,0.4929090142250061,0.5840293169021606,0.41483810544013977,0.5771799683570862,0.36461514234542847,0.5716402530670166,0.3236686587333679,0.6276426315307617,0.4971335828304291,0.619396448135376,0.42301589250564575,0.6144450306892395,0.3765770196914673,0.6089986562728882,0.3355575203895569,0.6602041721343994,0.5143894553184509,0.6610531210899353,0.45891138911247253,0.660157322883606,0.42290323972702026,0.657609224319458,0.3892732858657837,open_palm
0.6457624435424805,0.67295902967453,0.5933826565742493,0.6458566188812256,0.5571878552436829,0.588735818862915,0.5442087054252625,0.5313889980316162,0.5329785943031311,0.4834725260734558,0.5861902236938477,0.5029441714286804,0.5723806619644165,0.43645018339157104,0.5662524104118347,0.3952676057815552,0.5629292130470276,0.35931065678596497,0.616175651550293,0.49193257093429565,0.6061000823974609,0.4169355630874634,0.6014320850372314,0.36942994594573975,0.597818911075592,0.33039402961730957,0.6445966362953186,0.4975442588329315,0.6387424468994141,0.42521193623542786,0.6349427700042725,0.38091570138931274,0.6308543086051941,0.3412182331085205,0.6749411225318909,0.5151689648628235,0.6765223741531372,0.46251222491264343,0.6759130954742432,0.4281204640865326,0.6740109920501709,0.395092248916626,open_palm
0.6509755849838257,0.6679367423057556,0.5986607670783997,0.6430643796920776,0.5672035217285156,0.586493730545044,0.5615841150283813,0.5297892689704895,0.5566744804382324,0.4849637448787689,0.5942807197570801,0.503218412399292,0.5868117213249207,0.4382248520851135,0.5846390724182129,0.39842379093170166,0.5838393568992615,0.3636006712913513,0.6213250160217285,0.4928538203239441,0.6116258502006531,0.4210505485534668,0.6066810488700867,0.3751521110534668,0.6022657155990601,0.33699214458465576,0.6469967365264893,0.49800220131874084,0.639145016670227,0.4318101108074188,0.6333151459693909,0.3917098939418793,0.6277915239334106,0.3563326597213745,0.6762383580207825,0.5143349170684814,0.6709409952163696,0.4636223316192627,0.6644939184188843,0.4324996769428253,0.6567188501358032,0.40383774042129517,open_palm
0.6719985008239746,0.6667333841323853,0.620235800743103,0.6410906910896301,0.5914667844772339,0.5838061571121216,0.5869600772857666,0.5278090834617615,0.5811153650283813,0.4847847819328308,0.6192535161972046,0.5112406611442566,0.6137357354164124,0.4473804235458374,0.6134517192840576,0.40773871541023254,0.6140656471252441,0.37327077984809875,0.6466285586357117,0.5009706020355225,0.6394169926643372,0.4315188527107239,0.636299729347229,0.3864498734474182,0.6337660551071167,0.3486504554748535,0.6718722581863403,0.5055134296417236,0.665118932723999,0.44039809703826904,0.660018801689148,0.400973916053772,0.6557971239089966,0.3665705919265747,0.7002891898155212,0.5206953287124634,0.6947742700576782,0.4709651470184326,0.688132643699646,0.44066667556762695,0.6807932257652283,0.4128757119178772,open_palm
0.658698558807373,0.6733567714691162,0.6078174114227295,0.6471310257911682,0.578159511089325,0.5910789370536804,0.5741749405860901,0.5357765555381775,0.5697008967399597,0.49237924814224243,0.6063019037246704,0.5148231387138367,0.6006264090538025,0.45056766271591187,0.6001358032226562,0.4104583263397217,0.6004398465156555,0.37563812732696533,0.6335547566413879,0.5049829483032227,0.6269444227218628,0.43517357110977173,0.6236343383789062,0.38947492837905884,0.6207762956619263,0.3501970171928406,0.6589177250862122,0.5096653699874878,0.653369128704071,0.44370195269584656,0.6487984657287598,0.40370702743530273,0.6449007391929626,0.3684501051902771,0.687080442905426,0.5254731774330139,0.6824453473091125,0.47471699118614197,0.6761054992675781,0.44372206926345825,0.6689279675483704,0.415375679731369,open_palm
0.6565424203872681,0.6735716462135315,0.6048299074172974,0.6453686356544495,0.5761779546737671,0.5891015529632568,0.572665810585022,0.5331552624702454,0.5687440037727356,0.4887441396713257,0.6046518087387085,0.5130453109741211,0.5990899205207825,0.4483664035797119,0.5983783006668091,0.40839436650276184,0.5984877347946167,0.3735026717185974,0.6321080923080444,0.5031741857528687,0.6251913905143738,0.43229037523269653,0.6216946244239807,0.3864019513130188,0.6184119582176208,0.34675300121307373,0.6570181846618652,0.5084365606307983,0.651409924030304,0.4412914216518402,0.6469497680664062,0.4005218744277954,0.6435405611991882,0.36495494842529297,0.6852203011512756,0.5249487161636353,0.6803771257400513,0.47356680035591125,0.6738628149032593,0.44191688299179077,0.6668387055397034,0.4129391312599182,open_palm
0.6575822830200195,0.6713833808898926,0.60686194896698,0.6453514099121094,0.5770701766014099,0.5897426605224609,0.5727686285972595,0.5340729355812073,0.569085955619812,0.48969683051109314,0.6054546236991882,0.514139711856842,0.5993136167526245,0.44942355155944824,0.5985532999038696,0.40959781408309937,0.5988892912864685,0.3751928210258484,0.6326314210891724,0.5041294097900391,0.6253746151924133,0.43311071395874023,0.6215580701828003,0.3872588872909546,0.6181616187095642,0.3483240604400635,0.6577684283256531,0.5089238882064819,0.6517444849014282,0.44204241037368774,0.6470457315444946,0.40173110365867615,0.6434292197227478,0.3669312298297882,0.6859847903251648,0.5249062180519104,0.6809588074684143,0.473993718624115,0.6743840575218201,0.44270607829093933,0.6673147678375244,0.41440150141716003,open_palm
0.6566132307052612,0.6720282435417175,0.6056693196296692,0.6452512741088867,0.5763726830482483,0.590391993522644,0.5725427865982056,0.5349992513656616,0.5690829753875732,0.4909115433692932,0.6048744320869446,0.5129338502883911,0.5993824005126953,0.44816362857818604,0.5982697010040283,0.40851300954818726,0.5976855754852295,0.3738597631454468,0.6319804191589355,0.5030092597007751,0.6251099705696106,0.43271538615226746,0.6214323043823242,0.3870093822479248,0.617974042892456,0.34780192375183105,0.6567054390907288,0.508073091506958,0.6510547995567322,0.44189509749412537,0.6464661955833435,0.40147265791893005,0.6428394317626953,0.36633461713790894,0.6846458315849304,0.5239851474761963,0.6796694397926331,0.4731156826019287,0.6729065775871277,0.442216694355011,0.6656890511512756,0.41397807002067566,open_palm
0.6540398001670837,0.6774808168411255,0.6018826365470886,0.6519023180007935,0.5725754499435425,0.5958439707756042,0.568234920501709,0.5406894087791443,0.5640825033187866,0.49717026948928833,0.6014149785041809,0.518339991569519,0.5947093963623047,0.45527011156082153,0.5932714939117432,0.4153939485549927,0.5934094190597534,0.38024234771728516,0.6277019381523132,0.5082141160964966,0.6199439764022827,0.43818551301956177,0.616654098033905,0.39248278737068176,0.6140333414077759,0.35355043411254883,0.6519742012023926,0.5132864117622375,0.6457213759422302,0.4477202892303467,0.6409000754356384,0.4076603353023529,0.6371389627456665,0.3725773096084595,0.6798206567764282,0.5294672250747681,0.6755557060241699,0.4790806472301483,0.6697538495063782,0.44791916012763977,0.6630576252937317,0.419332891702652,open_palm
0.658683717250824,0.6793039441108704,0.6057286262512207,0.6504560708999634,0.5766358971595764,0.5954367518424988,0.5708465576171875,0.5399299263954163,0.5663121938705444,0.49491584300994873,0.6034258008003235,0.5208743214607239,0.5970437526702881,0.45816218852996826,0.5958578586578369,0.4184429347515106,0.5961552858352661,0.3818560838699341,0.6293184161186218,0.5098984241485596,0.6215246915817261,0.44117826223373413,0.6178990006446838,0.3957698345184326,0.6147953271865845,0.3540632724761963,0.6530092358589172,0.5138756036758423,0.6462486386299133,0.448118656873703,0.640704333782196,0.4063020646572113,0.636401891708374,0.3683180809020996,0.6812713742256165,0.528597891330719,0.675299346446991,0.47713702917099,0.6680123209953308,0.44413697719573975,0.6601254343986511,0.4128386676311493,open_palm
0.6566458940505981,0.6781702637672424,0.6059586405754089,0.6469171047210693,0.5768991112709045,0.5922927260398865,0.5716456770896912,0.5371705889701843,0.566463053226471,0.49279335141181946,0.6038897633552551,0.5178512930870056,0.5977782607078552,0.4562494158744812,0.5966140627861023,0.4168173670768738,0.5966389775276184,0.38024258613586426,0.6293736696243286,0.507652223110199,0.6226890087127686,0.4387948513031006,0.6193395256996155,0.39418572187423706,0.6161608695983887,0.3531171679496765,0.6530358791351318,0.5121705532073975,0.6470420360565186,0.44666868448257446,0.6419264674186707,0.40529048442840576,0.6372444033622742,0.36747702956199646,0.6808503866195679,0.5279552340507507,0.6760497689247131,0.4762905240058899,0.6694962978363037,0.443497896194458,0.6617670059204102,0.4128022789955139,open_palm
0.6289036870002747,0.5729567408561707,0.5866091847419739,0.5495233535766602,0.5550187826156616,0.5031254291534424,0.5571536421775818,0.4536907970905304,0.5795005559921265,0.4304504096508026,0.574510931968689,0.4645580053329468,0.5639248490333557,0.4333491325378418,0.5644479990005493,0.471732497215271,0.5712122917175293,0.4781571626663208,0.5972108244895935,0.46134302020072937,0.5873365998268127,0.43199583888053894,0.5861178040504456,0.47776636481285095,0.5945826768875122,0.4790806770324707,0.6198591589927673,0.46279123425483704,0.6085204482078552,0.4407989978790283,0.605383574962616,0.48354610800743103,0.6145464181900024,0.486314058303833,0.6450669765472412,0.4683469533920288,0.6288212537765503,0.4511851370334625,0.6239737868309021,0.4795554578304291,0.632326602935791,0.4861472249031067,fist
0.628737211227417,0.5783811807632446,0.5865346193313599,0.562957763671875,0.5638983845710754,0.5225551724433899,0.5759562253952026,0.48589619994163513,0.5957245230674744,0.46690472960472107,0.5700412392616272,0.49066656827926636,0.5591033697128296,0.455821692943573,0.5669887661933899,0.4855562746524811,0.5761951208114624,0.5076903700828552,0.5912308096885681,0.48263511061668396,0.580428421497345,0.44418442249298096,0.5864223837852478,0.48377126455307007,0.5943987965583801,0.5054177045822144,0.6142494082450867,0.4783821105957031,0.603146493434906,0.44268298149108887,0.6065792441368103,0.48575636744499207,0.6135071516036987,0.5088842511177063,0.6394741535186768,0.47907498478889465,0.6277575492858887,0.44882524013519287,0.6261475086212158,0.4788036048412323,0.6311689019203186,0.4991050362586975,fist
0.6263324618339539,0.6193506717681885,0.5949245095252991,0.6132923364639282,0.5688120722770691,0.5983745455741882,0.5672392249107361,0.5953620672225952,0.5846267342567444,0.592828094959259,0.5802156925201416,0.5039780735969543,0.576843798160553,0.5773476958274841,0.5846224427223206,0.6136019229888916,0.5887495875358582,0.6090691089630127,0.615348219871521,0.5035548210144043,0.6081401705741882,0.5901867151260376,0.6090207099914551,0.6237293481826782,0.610368549823761,0.6135689616203308,0.6462460160255432,0.5159605741500854,0.6384244561195374,0.5977345705032349,0.6329188346862793,0.6241303086280823,0.6292642951011658,0.6123970746994019,0.6709497570991516,0.5349224209785461,0.6640244126319885,0.5928604602813721,0.6561031937599182,0.6154350638389587,0.6508395671844482,0.6093548536300659,fist
0.6124827861785889,0.6258625388145447,0.5768548846244812,0.6177106499671936,0.5434295535087585,0.5865496397018433,0.5385432243347168,0.5583255290985107,0.5597184300422668,0.5472317337989807,0.5471829175949097,0.5123994946479797,0.535225510597229,0.47463488578796387,0.5434860587120056,0.5192514061927795,0.5516722798347473,0.541439950466156,0.5719597339630127,0.5050966143608093,0.5607638359069824,0.46179696917533875,0.5666949152946472,0.5202080607414246,0.5732495188713074,0.5396833419799805,0.5977610945701599,0.505308985710144,0.5894104838371277,0.46381324529647827,0.5900433659553528,0.5206913352012634,0.5945839881896973,0.5432823300361633,0.6251451373100281,0.5133473873138428,0.6176311373710632,0.4813462793827057,0.6119147539138794,0.5191925168037415,0.6128703951835632,0.5375413298606873,fist
0.597298264503479,0.6256576776504517,0.5553163886070251,0.6071683168411255,0.5216549038887024,0.5533103346824646,0.5368013978004456,0.515724778175354,0.5717390179634094,0.5277100205421448,0.540239691734314,0.4948289692401886,0.5353525280952454,0.4488045275211334,0.5373647809028625,0.49555128812789917,0.5405497550964355,0.5144906640052795,0.5663646459579468,0.4909200966358185,0.5613843202590942,0.44601327180862427,0.5599901080131531,0.4990370571613312,0.5621979236602783,0.5127677917480469,0.5921796560287476,0.4936964213848114,0.5906569957733154,0.4463322162628174,0.5849006175994873,0.49501875042915344,0.5858405232429504,0.5142519474029541,0.6188955307006836,0.5025352835655212,0.614892303943634,0.46442246437072754,0.6071491241455078,0.495297372341156,0.6077654957771301,0.5135851502418518,fist
0.596704363822937,0.6223225593566895,0.551514744758606,0.6042914390563965,0.5274512767791748,0.5492057204246521,0.5495113134384155,0.504188060760498,0.5762987732887268,0.48105287551879883,0.5371975302696228,0.5105342268943787,0.5269569158554077,0.47376567125320435,0.5318120121955872,0.5140807032585144,0.5398320555686951,0.53873610496521,0.5619981288909912,0.502083420753479,0.5493785738945007,0.4592679738998413,0.5529453158378601,0.5108438730239868,0.5610806941986084,0.5351320505142212,0.5872878432273865,0.5001895427703857,0.575193464756012,0.46136415004730225,0.5754793286323547,0.5140109658241272,0.5821132063865662,0.5399001240730286,0.6147462725639343,0.5031265616416931,0.6019779443740845,0.4733639061450958,0.5981959700584412,0.5082768201828003,0.602673351764679,0.5275143384933472,fist
0.6286386251449585,0.6170742511749268,0.5896509885787964,0.5803024172782898,0.5634797215461731,0.528773307800293,0.5751679539680481,0.48098111152648926,0.6007090210914612,0.4564010798931122,0.5610812306404114,0.5088983178138733,0.5486171841621399,0.4650460481643677,0.5560363531112671,0.4985431730747223,0.5638687610626221,0.515889585018158,0.5838540196418762,0.49870383739471436,0.5760461091995239,0.4516465663909912,0.5817461013793945,0.49378326535224915,0.5891388058662415,0.509556770324707,0.6092185378074646,0.49493157863616943,0.6038305759429932,0.45261067152023315,0.6052318215370178,0.4963013529777527,0.6107689142227173,0.5153429508209229,0.6357897520065308,0.4969715178012848,0.6288373470306396,0.4603695571422577,0.6241539716720581,0.4895156919956207,0.6263529062271118,0.5093579292297363,fist
0.6620583534240723,0.5560271739959717,0.6200101375579834,0.543470561504364,0.5935412645339966,0.5199995636940002,0.6153573393821716,0.5158985257148743,0.650273859500885,0.5181093215942383,0.6051774621009827,0.4074191153049469,0.6021816730499268,0.4500998556613922,0.6054462790489197,0.48126423358917236,0.6072145700454712,0.4729984998703003,0.6385893821716309,0.40015488862991333,0.6362682580947876,0.4562263488769531,0.6338406205177307,0.49125319719314575,0.6329230070114136,0.48068827390670776,0.6694560050964355,0.41092339158058167,0.6692019104957581,0.4706215560436249,0.6603633761405945,0.4989875853061676,0.6552066802978516,0.4835267961025238,0.6975145936012268,0.4318688213825226,0.6939708590507507,0.4814690053462982,0.6836150288581848,0.505581259727478,0.6773607730865479,0.49644744396209717,fist
0.6304077506065369,0.5750946998596191,0.6523938179016113,0.5076197385787964,0.6451779007911682,0.4584263265132904,0.6202656626701355,0.4406064748764038,0.5940296053886414,0.4463163912296295,0.6395139098167419,0.41104790568351746,0.6149722337722778,0.40512606501579285,0.613360583782196,0.4310843348503113,0.6211367249488831,0.4486196041107178,0.606508731842041,0.4179379642009735,0.5876789689064026,0.41393524408340454,0.5888808369636536,0.438930481672287,0.5988844037055969,0.45845022797584534,0.5782806873321533,0.44017818570137024,0.5665150284767151,0.44403883814811707,0.5719882249832153,0.46549493074417114,0.5826098322868347,0.48137664794921875,0.55551677942276,0.46697741746902466,0.5523641705513,0.47424203157424927,0.5603764653205872,0.49371087551116943,0.5686590075492859,0.5082217454910278,fist
0.7111047506332397,0.6188309788703918,0.6673126816749573,0.5930977463722229,0.6424022316932678,0.5463813543319702,0.6516908407211304,0.5101354122161865,0.6731390953063965,0.4935101568698883,0.6596648693084717,0.5011927485466003,0.6483912467956543,0.46464723348617554,0.6528019905090332,0.5054487586021423,0.6602090001106262,0.530502438545227,0.6826632022857666,0.49609479308128357,0.671501874923706,0.45431122183799744,0.6741105914115906,0.505106508731842,0.6809287667274475,0.5292100310325623,0.7074717283248901,0.4951828122138977,0.6958122849464417,0.45576557517051697,0.6947849988937378,0.5074479579925537,0.7011393904685974,0.5349380970001221,0.7356858849525452,0.4997752606868744,0.7239766120910645,0.4618895351886749,0.7178942561149597,0.4972017705440521,0.7207856178283691,0.5213429927825928,fist
0.7087852358818054,0.619570255279541,0.661483108997345,0.5950628519058228,0.6331462860107422,0.5430058240890503,0.6293334364891052,0.48862382769584656,0.6370453834533691,0.4548271596431732,0.6601614356040955,0.49352532625198364,0.6507594585418701,0.46188995242118835,0.6534483432769775,0.5071957111358643,0.6606143712997437,0.5172103643417358,0.6860775947570801,0.4936232566833496,0.6746178865432739,0.45793235301971436,0.6723979711532593,0.5117313861846924,0.6814773678779602,0.5162178874015808,0.7115124464035034,0.4990892708301544,0.6994704604148865,0.4629789888858795,0.6939759254455566,0.5153768658638,0.7042611837387085,0.5229329466819763,0.739467978477478,0.5073599219322205,0.7256114482879639,0.48226848244667053,0.7165543437004089,0.5177444815635681,0.7238269448280334,0.5273866653442383,fist
0.716106653213501,0.6152098774909973,0.6696380376815796,0.5827794075012207,0.6432052850723267,0.5301979780197144,0.6403247117996216,0.47639888525009155,0.6486721038818359,0.4406096935272217,0.6741068363189697,0.48096126317977905,0.6677942872047424,0.4458135962486267,0.667521059513092,0.4895862936973572,0.6732389330863953,0.5067490935325623,0.6989880800247192,0.482917457818985,0.690203845500946,0.44489356875419617,0.6857062578201294,0.4970228970050812,0.6940813064575195,0.5077559351921082,0.723703920841217,0.4905855059623718,0.7140250205993652,0.4527905583381653,0.7062469720840454,0.503398060798645,0.7146593928337097,0.5166583061218262,0.7507660388946533,0.5031927824020386,0.7376266717910767,0.47437986731529236,0.7271164655685425,0.5091559290885925,0.7330854535102844,0.5231431126594543,fist
0.7076180577278137,0.6273162364959717,0.6683276891708374,0.5940157771110535,0.6501509547233582,0.5445992946624756,0.6610831618309021,0.5045523047447205,0.6792498826980591,0.4802093207836151,0.6724496483802795,0.5058363676071167,0.6628267168998718,0.4709641933441162,0.6588034629821777,0.5052083134651184,0.6643272042274475,0.522287905216217,0.6933553218841553,0.5057396292686462,0.6833809018135071,0.46733367443084717,0.6755387783050537,0.5091451406478882,0.6826532483100891,0.5238226652145386,0.7160491943359375,0.5106862187385559,0.7048912048339844,0.47686824202537537,0.6946656107902527,0.51973557472229,0.7004221081733704,0.5355113744735718,0.7419600486755371,0.5210444331169128,0.7265878915786743,0.4901426136493683,0.7170836329460144,0.5210593938827515,0.7226162552833557,0.5379422903060913,fist
0.7832522988319397,0.6491775512695312,0.7473846673965454,0.613214373588562,0.7172639966011047,0.5679289102554321,0.7326111197471619,0.5357497334480286,0.7731393575668335,0.5354800820350647,0.7448207139968872,0.469068318605423,0.7298636436462402,0.4643969237804413,0.7283636927604675,0.48718079924583435,0.7350515723228455,0.4950942397117615,0.781651496887207,0.4642929136753082,0.773251473903656,0.46979236602783203,0.7644923329353333,0.5143129229545593,0.7642990350723267,0.5238250494003296,0.8144381046295166,0.4801234304904938,0.8069092035293579,0.5079342126846313,0.7947335243225098,0.5448157787322998,0.7927180528640747,0.542122483253479,0.8431013822555542,0.5091372728347778,0.8358132839202881,0.5450873970985413,0.8214876055717468,0.5716999173164368,0.8168609738349915,0.5670287609100342,fist
0.7660084962844849,0.6775386929512024,0.7310681343078613,0.6274648308753967,0.7062893509864807,0.5762690305709839,0.7098432779312134,0.57988440990448,0.7412406206130981,0.6236801147460938,0.7874727249145508,0.4948684573173523,0.7477951645851135,0.5430705547332764,0.7357138395309448,0.574913740158081,0.747227132320404,0.5638073086738586,0.8234623074531555,0.5284218192100525,0.77020263671875,0.5904339551925659,0.7515857219696045,0.6095030307769775,0.7618812322616577,0.5906730890274048,0.8439289331436157,0.5775424838066101,0.7893236875534058,0.6311542391777039,0.7691200375556946,0.6401045322418213,0.778983473777771,0.6271975636482239,0.8523718118667603,0.6261497735977173,0.8086948990821838,0.6613035202026367,0.7878783345222473,0.6649169325828552,0.7903168201446533,0.659797728061676,fist
0.7544545531272888,0.6247321367263794,0.7065167427062988,0.5967477560043335,0.6694936752319336,0.5418179631233215,0.6767111420631409,0.4870859980583191,0.7122184634208679,0.47965702414512634,0.6916768550872803,0.5130131244659424,0.6793860197067261,0.4734145700931549,0.6825488209724426,0.5169798135757446,0.689079999923706,0.5267669558525085,0.7168572545051575,0.5081121325492859,0.706063449382782,0.4690185487270355,0.7057626247406006,0.5214942693710327,0.7128430604934692,0.5247878432273865,0.7420147061347961,0.5075044631958008,0.7334246635437012,0.47348472476005554,0.7294793128967285,0.5267186164855957,0.7363952398300171,0.5349903702735901,0.7706359624862671,0.5103022456169128,0.7567089200019836,0.4823090732097626,0.7504466772079468,0.5179777145385742,0.758097767829895,0.5303419828414917,fist
0.7325832843780518,0.6082462072372437,0.7673632502555847,0.5503041744232178,0.7699486017227173,0.5034942626953125,0.7510625123977661,0.47541487216949463,0.7255796194076538,0.47055748105049133,0.7590437531471252,0.4522135853767395,0.7536115646362305,0.44527512788772583,0.7535056471824646,0.46954622864723206,0.7545475363731384,0.4889562427997589,0.727195680141449,0.44921401143074036,0.7253250479698181,0.45265164971351624,0.7269059419631958,0.47639667987823486,0.731041669845581,0.49453532695770264,0.6982563734054565,0.4641801118850708,0.6988640427589417,0.4753339886665344,0.704293429851532,0.4963320195674896,0.7110442519187927,0.5140726566314697,0.6726351380348206,0.48455873131752014,0.67839515209198,0.49966269731521606,0.6854240894317627,0.5181780457496643,0.6901044845581055,0.5336508750915527,fist
0.7403271794319153,0.6241701245307922,0.7576513290405273,0.5590238571166992,0.7617772817611694,0.5006159543991089,0.7541642189025879,0.4698483645915985,0.7361940741539001,0.46759527921676636,0.7684933543205261,0.4477197229862213,0.7128608822822571,0.4265594184398651,0.7115786075592041,0.45530787110328674,0.7258471846580505,0.4696774482727051,0.751140832901001,0.454973965883255,0.6931429505348206,0.4399982690811157,0.6959953904151917,0.46765872836112976,0.7129195332527161,0.48091018199920654,0.7290188074111938,0.47167789936065674,0.6757615804672241,0.4603515863418579,0.6800478100776672,0.4884136915206909,0.6969729065895081,0.49744677543640137,0.7056574821472168,0.49244266748428345,0.6663087010383606,0.4909059703350067,0.6715816855430603,0.5149352550506592,0.686021089553833,0.5242038369178772,fist
0.7025283575057983,0.6157741546630859,0.6671443581581116,0.5920704007148743,0.6438374519348145,0.5311369895935059,0.6658005118370056,0.4898041784763336,0.7004345059394836,0.49493223428726196,0.656806230545044,0.48989439010620117,0.6444025635719299,0.44169867038726807,0.6474542021751404,0.4819815754890442,0.6558161377906799,0.5033352375030518,0.6810616254806519,0.4772915542125702,0.6717280745506287,0.421212375164032,0.6696376204490662,0.46862244606018066,0.6764717102050781,0.4900453984737396,0.7059891223907471,0.4750942885875702,0.7015367150306702,0.4158429503440857,0.6941689252853394,0.4602743983268738,0.6980084180831909,0.48738181591033936,0.7316614389419556,0.4801458716392517,0.7260153889656067,0.4341062307357788,0.7154407501220703,0.4604521095752716,0.7163126468658447,0.4849351942539215,fist
0.7216941118240356,0.6319277882575989,0.6758816838264465,0.6124599575996399,0.6497160196304321,0.5536504983901978,0.6662378907203674,0.5047956109046936,0.694903552532196,0.48269936442375183,0.6623774766921997,0.5079933404922485,0.6499457955360413,0.4728102684020996,0.6549088954925537,0.5173400044441223,0.6647700667381287,0.5416426062583923,0.6895797848701477,0.5009297132492065,0.6737030148506165,0.45780566334724426,0.6761733889579773,0.5149357318878174,0.6868435740470886,0.5379784107208252,0.7174208760261536,0.5023950338363647,0.7025756239891052,0.4620768427848816,0.7002254128456116,0.5203985571861267,0.7082533240318298,0.5448565483093262,0.7479314804077148,0.5099424123764038,0.7323762774467468,0.4794364273548126,0.7259140610694885,0.5191832780838013,0.7308095693588257,0.5387047529220581,fist
0.7110728025436401,0.6411579847335815,0.6656749248504639,0.6190439462661743,0.6307166814804077,0.5625515580177307,0.624118447303772,0.5097604990005493,0.6345396637916565,0.4854728877544403,0.6534250974655151,0.5125946998596191,0.6469579935073853,0.48429420590400696,0.6582945585250854,0.5323947668075562,0.6701172590255737,0.5671243071556091,0.6778199672698975,0.5053622722625732,0.667793333530426,0.47001099586486816,0.677735447883606,0.5249040722846985,0.6884612441062927,0.5571624040603638,0.7046786546707153,0.5033254027366638,0.692200779914856,0.461439847946167,0.6970057487487793,0.5142528414726257,0.704925000667572,0.5464895963668823,0.7338343858718872,0.508243978023529,0.721227765083313,0.470416396856308,0.7178248167037964,0.5063520669937134,0.720685601234436,0.5320336222648621,fist
0.6035299897193909,0.7544169425964355,0.5758786201477051,0.7079388499259949,0.5771489143371582,0.6694021224975586,0.5793580412864685,0.6468737125396729,0.5795624852180481,0.6214603185653687,0.6228017807006836,0.6128454804420471,0.5725692510604858,0.6038841009140015,0.5716617703437805,0.6361831426620483,0.5838373303413391,0.6527429819107056,0.6261606812477112,0.6135562658309937,0.5707008838653564,0.601911187171936,0.5702414512634277,0.6374948024749756,0.5825073719024658,0.6543435454368591,0.6244869232177734,0.616749107837677,0.569631040096283,0.6028931140899658,0.5681940913200378,0.6380738615989685,0.5812762379646301,0.6547051668167114,0.6179699897766113,0.6222632527351379,0.5722586512565613,0.6121101975440979,0.5724600553512573,0.6402382850646973,0.585712194442749,0.6562404632568359,fist
0.6172376871109009,0.7476912140846252,0.5954792499542236,0.7019673585891724,0.5995208621025085,0.6590041518211365,0.6049683094024658,0.628315806388855,0.6115407347679138,0.6000080108642578,0.644198477268219,0.618531346321106,0.6149650812149048,0.5888382792472839,0.5985628366470337,0.619637131690979,0.5966234803199768,0.6518159508705139,0.6517118215560913,0.6193616986274719,0.6133660674095154,0.5877748727798462,0.5971640348434448,0.6252074837684631,0.5979326963424683,0.6567674875259399,0.6576824188232422,0.6240983605384827,0.6136060357093811,0.5904528498649597,0.5997946262359619,0.6298519372940063,0.6044295430183411,0.6637642979621887,0.6607246398925781,0.6334042549133301,0.6212858557701111,0.604905903339386,0.608894407749176,0.6305333375930786,0.6114817261695862,0.6579256057739258,fist
0.6216571927070618,0.762561559677124,0.5995245575904846,0.712497889995575,0.6060898900032043,0.6697427034378052,0.6126239895820618,0.6419883966445923,0.619801938533783,0.6179550290107727,0.6709553003311157,0.6362695693969727,0.6286108493804932,0.6014787554740906,0.610230028629303,0.631818413734436,0.6114519834518433,0.6598182320594788,0.6754148006439209,0.6387952566146851,0.6266741156578064,0.5989282131195068,0.6074731945991516,0.633182942867279,0.6110590100288391,0.6599563360214233,0.6729324460029602,0.6434265971183777,0.6233558654785156,0.6028891801834106,0.6058614253997803,0.6367745399475098,0.6117759346961975,0.6633086204528809,0.6644973754882812,0.6503922343254089,0.6236968040466309,0.6174011826515198,0.6107959747314453,0.6421434283256531,0.6164403557777405,0.6664546132087708,fist
0.6195269227027893,0.7616506814956665,0.5996475219726562,0.7055284380912781,0.6092914342880249,0.661964476108551,0.6184117794036865,0.6300646066665649,0.628770112991333,0.6049237847328186,0.677151620388031,0.6356335282325745,0.6372190117835999,0.5913107395172119,0.6135762333869934,0.6143568754196167,0.6078107357025146,0.6441444754600525,0.6809133291244507,0.6381416916847229,0.632986843585968,0.5881543159484863,0.6089230179786682,0.6182891726493835,0.6055747270584106,0.6488205194473267,0.6784448027610779,0.64403235912323,0.6283627152442932,0.5964084267616272,0.6080616116523743,0.6289806365966797,0.6089177131652832,0.6597073078155518,0.6710930466651917,0.6555600166320801,0.6286215782165527,0.6223620176315308,0.6123307943344116,0.6439388394355774,0.6118351817131042,0.66877281665802,fist
0.6289970278739929,0.7774339318275452,0.5870795845985413,0.7507800459861755,0.5572364330291748,0.7069071531295776,0.5619760751724243,0.6756740808486938,0.5810418725013733,0.6660643815994263,0.5739515423774719,0.6562517285346985,0.5600254535675049,0.620546281337738,0.5668213963508606,0.6570559740066528,0.5763181447982788,0.6891648769378662,0.5973227620124817,0.648741602897644,0.5838907361030579,0.6065195798873901,0.5879718661308289,0.6528543829917908,0.5962471961975098,0.6865169405937195,0.6235376596450806,0.6482018232345581,0.6116527915000916,0.602582573890686,0.6116507053375244,0.6485707759857178,0.6171711087226868,0.6819571852684021,0.6511873602867126,0.6550958752632141,0.6408807635307312,0.6178009510040283,0.6352065801620483,0.6462436318397522,0.6372581720352173,0.6709880232810974,fist
0.6356843113899231,0.7754632234573364,0.5957215428352356,0.7435633540153503,0.5661033987998962,0.6921310424804688,0.5766758918762207,0.6437559723854065,0.6106804013252258,0.6357218027114868,0.5879012942314148,0.6506839990615845,0.5795775651931763,0.6128848195075989,0.5830183029174805,0.6517223715782166,0.5920088887214661,0.6699808835983276,0.6116254329681396,0.6467134356498718,0.6041168570518494,0.6049670577049255,0.6052850484848022,0.6534484624862671,0.6137094497680664,0.6739372611045837,0.635322093963623,0.6472253203392029,0.6276373863220215,0.6051389575004578,0.6248906850814819,0.6536627411842346,0.6315163373947144,0.680458664894104,0.661715567111969,0.6544678807258606,0.6507827043533325,0.6137471199035645,0.6454729437828064,0.6434249877929688,0.6499668955802917,0.6668664216995239,fist
0.6206012964248657,0.7746438384056091,0.5842291712760925,0.7460644245147705,0.5545845627784729,0.695223867893219,0.5582377910614014,0.6492282748222351,0.5871201753616333,0.6482179760932922,0.5804933905601501,0.644500195980072,0.5739837884902954,0.6098806858062744,0.5719316601753235,0.6510721445083618,0.5773194432258606,0.6701228022575378,0.603367805480957,0.6437408924102783,0.5950133204460144,0.6053333282470703,0.591976523399353,0.6554945707321167,0.5988686084747314,0.6745842099189758,0.6268872618675232,0.6483609676361084,0.6166501045227051,0.6101441383361816,0.6116464734077454,0.6594412326812744,0.6178030371665955,0.6824051141738892,0.6524646878242493,0.6601924300193787,0.6406005620956421,0.620333731174469,0.6330510377883911,0.6500167846679688,0.6369044184684753,0.6707719564437866,fist
0.623501181602478,0.7662691473960876,0.5883920788764954,0.735684335231781,0.559846043586731,0.6897180080413818,0.5609517097473145,0.646557092666626,0.5868746638298035,0.6371749043464661,0.5887176394462585,0.6392953991889954,0.5786229968070984,0.6052706837654114,0.5778359770774841,0.6466696858406067,0.5862979292869568,0.6583046913146973,0.6114400029182434,0.6402407884597778,0.60157710313797,0.6003003716468811,0.596668004989624,0.6500913500785828,0.6046457886695862,0.6635197997093201,0.6342921853065491,0.6448442935943604,0.6226613521575928,0.6057100296020508,0.6153087019920349,0.6536461710929871,0.6233484745025635,0.6701748967170715,0.6593825817108154,0.6560937166213989,0.6439913511276245,0.6200702786445618,0.6356219053268433,0.6501251459121704,0.6417351365089417,0.6670513153076172,fist
0.6188351511955261,0.7797353267669678,0.5858989357948303,0.7442724108695984,0.5683656930923462,0.6918410658836365,0.5730177164077759,0.6519680619239807,0.5884242653846741,0.6270717978477478,0.5868368148803711,0.6433819532394409,0.5749291777610779,0.6059461832046509,0.571469783782959,0.6471841931343079,0.5777285099029541,0.6733230948448181,0.6067522764205933,0.64329594373703,0.594933032989502,0.6020141839981079,0.5881399512290955,0.6525006890296936,0.5948888659477234,0.6769270300865173,0.6300170421600342,0.6485456824302673,0.6152864098548889,0.6113818883895874,0.6066763401031494,0.6624517440795898,0.6131585836410522,0.687705397605896,0.6553478240966797,0.661091685295105,0.6370054483413696,0.6301707029342651,0.6265274882316589,0.6653448939323425,0.6315397024154663,0.6872042417526245,fist
0.7740353345870972,0.6223114728927612,0.734876811504364,0.5422592163085938,0.7290179133415222,0.46103644371032715,0.7382499575614929,0.4024844765663147,0.7432539463043213,0.3548278212547302,0.7781440615653992,0.42133235931396484,0.7181187868118286,0.4417184293270111,0.7182537317276001,0.47587111592292786,0.7371402978897095,0.47986942529678345,0.7987831234931946,0.4499468207359314,0.7288198471069336,0.47805672883987427,0.7305547595024109,0.5057934522628784,0.7477051019668579,0.5095944404602051,0.8107151389122009,0.4897453486919403,0.7436977028846741,0.5125244855880737,0.7426635026931763,0.5362738370895386,0.7579193711280823,0.5376121401786804,0.8154423236846924,0.5339046120643616,0.7630487680435181,0.5498381853103638,0.7583997845649719,0.5627741813659668,0.7694051265716553,0.5639721751213074,thumbs_up
0.769172191619873,0.6369122266769409,0.7192596197128296,0.5669665336608887,0.6924693584442139,0.5069451332092285,0.6703739166259766,0.4681519567966461,0.644612729549408,0.44525808095932007,0.7633394002914429,0.44217172265052795,0.7032433748245239,0.4564688205718994,0.697464108467102,0.49448785185813904,0.710098385810852,0.5052001476287842,0.7863405346870422,0.4706876873970032,0.7126116752624512,0.4907277822494507,0.7072857022285461,0.5260294079780579,0.7218432426452637,0.5370059013366699,0.7989547848701477,0.5112005472183228,0.728586733341217,0.5269725918769836,0.7232032418251038,0.5559005737304688,0.737350583076477,0.5643807649612427,0.804416835308075,0.55474454164505,0.7495419979095459,0.5616649985313416,0.7424907684326172,0.5775554180145264,0.7530145049095154,0.5845179557800293,thumbs_up
0.7562295198440552,0.6481514573097229,0.7282236814498901,0.5616786479949951,0.7370782494544983,0.4797530472278595,0.7630642652511597,0.4266430735588074,0.7911551594734192,0.3912794888019562,0.7854401469230652,0.448154479265213,0.7249018549919128,0.4524056613445282,0.7203458547592163,0.48860523104667664,0.7372813820838928,0.49697345495224,0.8031704425811768,0.4789596498012543,0.7293128967285156,0.4928140342235565,0.7273231148719788,0.5257074236869812,0.7436137199401855,0.5341504216194153,0.8110880255699158,0.5188446640968323,0.7414012551307678,0.5292510390281677,0.7373648881912231,0.5564212799072266,0.752211332321167,0.5618441104888916,0.8115233778953552,0.5627685189247131,0.7564247250556946,0.5672816038131714,0.7513927221298218,0.5821929574012756,0.7636629939079285,0.5862528085708618,thumbs_up
0.7774945497512817,0.6484323740005493,0.7481290698051453,0.5577460527420044,0.7530109882354736,0.4757019579410553,0.7678287625312805,0.41901394724845886,0.7786692976951599,0.37199193239212036,0.8218112587928772,0.4507109522819519,0.768443763256073,0.4590536057949066,0.7605262994766235,0.4923434257507324,0.7751761078834534,0.49809497594833374,0.8421860933303833,0.4873049855232239,0.7749087810516357,0.504115641117096,0.7684493660926819,0.5313490033149719,0.7826555371284485,0.5366442203521729,0.8511618971824646,0.5335648655891418,0.7844911813735962,0.5463869571685791,0.7771463990211487,0.5657345652580261,0.7908158898353577,0.5675214529037476,0.8509626388549805,0.5814610123634338,0.798092246055603,0.5888718366622925,0.7900741100311279,0.5968913435935974,0.8006103038787842,0.5977823734283447,thumbs_up
0.7684376835823059,0.6565141677856445,0.7344588041305542,0.563424825668335,0.7311669588088989,0.4811685085296631,0.736229419708252,0.4269143342971802,0.7411177754402161,0.3764921724796295,0.7916507124900818,0.4562753438949585,0.738227367401123,0.4426715075969696,0.71018385887146,0.47259360551834106,0.7070369124412537,0.4921906292438507,0.8074973225593567,0.4978865683078766,0.74314284324646,0.48631706833839417,0.710328221321106,0.5136914253234863,0.7122006416320801,0.5256263613700867,0.8120357394218445,0.5459036827087402,0.7538655996322632,0.5263724327087402,0.7214294075965881,0.5461106300354004,0.7239840626716614,0.5566818714141846,0.8052193522453308,0.5938640832901001,0.761863112449646,0.5672906041145325,0.7337400913238525,0.5731306076049805,0.7313491106033325,0.584094226360321,thumbs_up
0.7735636830329895,0.6668317914009094,0.7329089045524597,0.5796926617622375,0.7274499535560608,0.49446848034858704,0.7340171933174133,0.4313642084598541,0.738796591758728,0.3817802667617798,0.7894071936607361,0.47590142488479614,0.7554566860198975,0.4403746724128723,0.7169373035430908,0.4597066044807434,0.6920695900917053,0.47983232140541077,0.8042129278182983,0.5114403367042542,0.7643312811851501,0.4754059314727783,0.7177736163139343,0.49004191160202026,0.6904266476631165,0.5081396102905273,0.8083153367042542,0.5536661744117737,0.776559591293335,0.5195632576942444,0.7288213968276978,0.5264031887054443,0.6990090608596802,0.5394516587257385,0.8013463020324707,0.6002556681632996,0.7762765884399414,0.5666629672050476,0.74138343334198,0.5628253817558289,0.7149637341499329,0.5661571025848389,thumbs_up
0.7734037637710571,0.6766203045845032,0.7339239120483398,0.5865529179573059,0.7263128161430359,0.5038371682167053,0.7307243347167969,0.44110992550849915,0.735264241695404,0.3905789852142334,0.7926589250564575,0.4910696744918823,0.741946816444397,0.45586997270584106,0.7012900114059448,0.4697631001472473,0.6745139956474304,0.4861546754837036,0.8025810718536377,0.5281062126159668,0.74675452709198,0.4869745671749115,0.6984500288963318,0.4992517828941345,0.668224573135376,0.5164398550987244,0.8010538220405579,0.5700727701187134,0.7600193023681641,0.5306590795516968,0.7119598984718323,0.5342826247215271,0.6795136332511902,0.5451930165290833,0.789833128452301,0.6158164739608765,0.7591062188148499,0.5842326283454895,0.7257235050201416,0.575820803642273,0.6987172961235046,0.5714111924171448,thumbs_up
0.7772067189216614,0.6826698184013367,0.7363883256912231,0.5876923203468323,0.7287935018539429,0.5044476985931396,0.731928288936615,0.4430546760559082,0.7379178404808044,0.39315158128738403,0.7894494533538818,0.4932941496372223,0.7410383820533752,0.47099173069000244,0.705447793006897,0.4768379032611847,0.6779861450195312,0.4827301800251007,0.7988020777702332,0.5316628217697144,0.744066596031189,0.49992549419403076,0.7026681303977966,0.4995127320289612,0.6720216870307922,0.5024736523628235,0.7986964583396912,0.5750554800033569,0.7530156970024109,0.5474770069122314,0.7122057676315308,0.5390939712524414,0.6804611682891846,0.5333943963050842,0.7892226576805115,0.6218037605285645,0.759795069694519,0.594884991645813,0.7329378128051758,0.5807492136955261,0.7082347869873047,0.568626344203949,thumbs_up
0.7699477076530457,0.6740585565567017,0.7331541180610657,0.5896680355072021,0.7236617803573608,0.506681501865387,0.7271411418914795,0.44442999362945557,0.7342961430549622,0.3913426995277405,0.7754026055335999,0.47882091999053955,0.7156952619552612,0.4798103868961334,0.6859798431396484,0.5133823156356812,0.6819542646408081,0.5364319086074829,0.7886557579040527,0.5187124609947205,0.7151137590408325,0.5263234376907349,0.688640296459198,0.5551564693450928,0.6926146745681763,0.5692332983016968,0.7921472191810608,0.5648108124732971,0.7218823432922363,0.5689376592636108,0.6977594494819641,0.5885059833526611,0.7034397721290588,0.5968131422996521,0.7870754599571228,0.6096444129943848,0.7350306510925293,0.6023442149162292,0.7133573293685913,0.6087949275970459,0.7138864398002625,0.6147200465202332,thumbs_up
0.7705638408660889,0.6757684946060181,0.7328052520751953,0.5912088751792908,0.7257097959518433,0.5110569000244141,0.7299965620040894,0.45050403475761414,0.7284044623374939,0.40312445163726807,0.7716751098632812,0.475594699382782,0.7072576880455017,0.4981254041194916,0.7040863037109375,0.5305385589599609,0.7204539179801941,0.5338051319122314,0.7875320315361023,0.5144287347793579,0.7122317552566528,0.5394691824913025,0.7142078876495361,0.563847541809082,0.7312838435173035,0.5679229497909546,0.7943249344825745,0.5602027773857117,0.7235100865364075,0.5780594944953918,0.7240341305732727,0.5960856676101685,0.7396966814994812,0.5963811874389648,0.7931725978851318,0.6070693731307983,0.7378632426261902,0.6155045032501221,0.7356777787208557,0.6241754293441772,0.7488219141960144,0.6237529516220093,thumbs_up
0.750424861907959,0.6568716764450073,0.7050600647926331,0.5728899240493774,0.6914176940917969,0.4925565719604492,0.6883884072303772,0.4326542615890503,0.681954562664032,0.3866369128227234,0.7469674944877625,0.45355430245399475,0.6881809234619141,0.47608545422554016,0.6854720711708069,0.5130249261856079,0.701129674911499,0.5177201628684998,0.7664529085159302,0.4906838834285736,0.6939525604248047,0.5166927576065063,0.6940562725067139,0.5430902242660522,0.710513710975647,0.5497356653213501,0.7757285833358765,0.5360425710678101,0.70705246925354,0.5559114217758179,0.7055267691612244,0.574828565120697,0.7209675312042236,0.5776838064193726,0.7774776220321655,0.5816450119018555,0.7241588234901428,0.5923762321472168,0.720382809638977,0.6017580032348633,0.7328771352767944,0.6031440496444702,thumbs_up
0.737658679485321,0.7208462357521057,0.7004515528678894,0.6402833461761475,0.6898235082626343,0.5584432482719421,0.6949777007102966,0.4989822506904602,0.7024632692337036,0.453799843788147,0.7292269468307495,0.5270506143569946,0.6650192737579346,0.5618587732315063,0.6691189408302307,0.5933150053024292,0.6880221366882324,0.5865485668182373,0.7472107410430908,0.5677857995033264,0.6704506278038025,0.6067817807197571,0.6807792782783508,0.6271442174911499,0.7000290751457214,0.6218792200088501,0.7563583850860596,0.6147096157073975,0.6828243732452393,0.6464532613754272,0.6907037496566772,0.6627308130264282,0.7086021900177002,0.6558657288551331,0.7569257020950317,0.6642189025878906,0.6995363831520081,0.6855631470680237,0.705878496170044,0.695328414440155,0.7243751287460327,0.6912508606910706,thumbs_up
0.6922885179519653,0.6035259962081909,0.6573763489723206,0.5405201315879822,0.6443275809288025,0.4748993515968323,0.6399676203727722,0.42712968587875366,0.6327347159385681,0.38521671295166016,0.7058445811271667,0.42302271723747253,0.6604622006416321,0.4309326708316803,0.6547221541404724,0.4738903045654297,0.6622001528739929,0.4978095293045044,0.7284839153289795,0.4382779896259308,0.6757000684738159,0.4510918855667114,0.6695594787597656,0.493622362613678,0.6754440069198608,0.515833854675293,0.7437262535095215,0.464634507894516,0.6933628916740417,0.47291919589042664,0.6854337453842163,0.5103181600570679,0.6890034675598145,0.5329232215881348,0.7532228231430054,0.4976208806037903,0.7157979607582092,0.4971471428871155,0.7039269208908081,0.5200753211975098,0.7034982442855835,0.5372715592384338,thumbs_up
0.7258765697479248,0.6646499633789062,0.6974565982818604,0.5811628699302673,0.6994295716285706,0.5071857571601868,0.7129246592521667,0.4554964303970337,0.7268325686454773,0.4132239818572998,0.7602534890174866,0.46561214327812195,0.7150617837905884,0.46198421716690063,0.7026224136352539,0.5023123621940613,0.7066457271575928,0.5278118252754211,0.7796059250831604,0.4873367249965668,0.7214314937591553,0.49250906705856323,0.7103703618049622,0.5320161581039429,0.714834988117218,0.5526119470596313,0.7904138565063477,0.5193933248519897,0.7339645028114319,0.5219314098358154,0.7216618061065674,0.5563884973526001,0.7231611609458923,0.5756914019584656,0.7946409583091736,0.5577847957611084,0.7513161301612854,0.5542060732841492,0.7351214289665222,0.5743220448493958,0.730660080909729,0.5882878303527832,thumbs_up
0.7082412242889404,0.6697566509246826,0.6754375100135803,0.6005637049674988,0.6623478531837463,0.5353842377662659,0.6601489782333374,0.4903814196586609,0.655954897403717,0.44990524649620056,0.7339374423027039,0.47842031717300415,0.6878321170806885,0.48864471912384033,0.6778109073638916,0.530363142490387,0.6840235590934753,0.553584098815918,0.7572243213653564,0.49952808022499084,0.7005637884140015,0.5195776224136353,0.6909036636352539,0.5588885545730591,0.6970338225364685,0.5766226053237915,0.7717198133468628,0.5344535112380981,0.7165751457214355,0.5509607195854187,0.7063190340995789,0.5821437239646912,0.7113650441169739,0.5959798097610474,0.7793022394180298,0.5758600234985352,0.7371424436569214,0.5840067863464355,0.7235209345817566,0.6000690460205078,0.7239201068878174,0.6085829734802246,thumbs_up
0.7147676348686218,0.6837130188941956,0.6813446283340454,0.6000741720199585,0.6795454025268555,0.5226555466651917,0.6899610757827759,0.4676445722579956,0.6956525444984436,0.42324578762054443,0.7421976923942566,0.47916314005851746,0.6930207014083862,0.4832938313484192,0.6805773973464966,0.5297126173973083,0.6876052618026733,0.554336667060852,0.7639676332473755,0.503614068031311,0.7017348408699036,0.5159787535667419,0.6921839714050293,0.5586214065551758,0.6996721625328064,0.576808750629425,0.7766461968421936,0.5393387675285339,0.7164294719696045,0.5475770831108093,0.7060557007789612,0.583885669708252,0.711582601070404,0.5993216037750244,0.7820277810096741,0.5797677040100098,0.7359903454780579,0.5805667638778687,0.7219172716140747,0.601089596748352,0.7219492793083191,0.6121456027030945,thumbs_up
0.7248386144638062,0.682286262512207,0.7004709839820862,0.5991065502166748,0.7054659128189087,0.5266413688659668,0.7250853180885315,0.47931545972824097,0.742689311504364,0.4427749514579773,0.7606202960014343,0.4829863905906677,0.7207571864128113,0.47566503286361694,0.706475555896759,0.5132203102111816,0.7086186408996582,0.5371108055114746,0.780624270439148,0.5084797739982605,0.7260093092918396,0.5158752799034119,0.7131904363632202,0.5519399046897888,0.715279757976532,0.5709987282752991,0.7917909026145935,0.5443874001502991,0.7371813058853149,0.5497090816497803,0.7234804630279541,0.5797574520111084,0.7237184643745422,0.5958475470542908,0.7950354814529419,0.5855830907821655,0.7518765330314636,0.5833889842033386,0.7345269322395325,0.597902774810791,0.7292318940162659,0.6069138050079346,thumbs_up
0.7108497619628906,0.6788644790649414,0.677054762840271,0.5956480503082275,0.6727533936500549,0.5206686854362488,0.6793113946914673,0.4658970236778259,0.6797083616256714,0.4193929433822632,0.7352712154388428,0.4787484407424927,0.6876182556152344,0.48148930072784424,0.6766305565834045,0.5257797241210938,0.6820496916770935,0.5518903732299805,0.757468044757843,0.5016548037528992,0.6973156332969666,0.5148308277130127,0.6892408728599548,0.5577337741851807,0.6954373121261597,0.578315019607544,0.7713614106178284,0.5363439917564392,0.7136332392692566,0.5464019775390625,0.7038480043411255,0.581309974193573,0.7075490951538086,0.5990898013114929,0.7781007885932922,0.5771484375,0.7353467345237732,0.578183650970459,0.7189022302627563,0.595151424407959,0.715003490447998,0.6055118441581726,thumbs_up
0.7098650336265564,0.6877104043960571,0.6697311997413635,0.617408037185669,0.6531304121017456,0.5496770739555359,0.6443899273872375,0.4998566806316376,0.6309472322463989,0.45774051547050476,0.7114571928977966,0.4867720305919647,0.6617079973220825,0.49666309356689453,0.6579629182815552,0.5397415161132812,0.6676499843597412,0.5641800761222839,0.7307180166244507,0.4983283281326294,0.673518717288971,0.5139802098274231,0.6697081327438354,0.5545399188995361,0.6773781776428223,0.5786644816398621,0.7435925006866455,0.5212896466255188,0.6894075870513916,0.5313094258308411,0.684015691280365,0.5688714981079102,0.6896489858627319,0.5936052799224854,0.7518151998519897,0.5525237917900085,0.7127130031585693,0.5483617782592773,0.7009192109107971,0.5742864012718201,0.7005965113639832,0.5968420505523682,thumbs_up
0.7233405709266663,0.6955410838127136,0.6826692819595337,0.6191096305847168,0.6667748093605042,0.5462973117828369,0.6615347862243652,0.49232029914855957,0.6531317234039307,0.4463277757167816,0.7294487953186035,0.4907746911048889,0.6777815818786621,0.4975297451019287,0.6728801727294922,0.54473477602005,0.6829907894134521,0.5710718035697937,0.7501004338264465,0.5037287473678589,0.690285861492157,0.5192373394966125,0.6861793994903564,0.5638575553894043,0.694745659828186,0.5891965627670288,0.7637479305267334,0.5277836918830872,0.7073445320129395,0.5372244119644165,0.7019367218017578,0.5766952633857727,0.7086963057518005,0.6029635071754456,0.7722177505493164,0.5591435432434082,0.7316005229949951,0.5554938912391663,0.7196381688117981,0.5798439979553223,0.7198668718338013,0.6012722253799438,thumbs_up
0.7254694104194641,0.7113851308822632,0.6858569383621216,0.6385447382926941,0.6724786162376404,0.5684345364570618,0.6697608232498169,0.5162561535835266,0.6638014912605286,0.4696316123008728,0.728854775428772,0.5071079730987549,0.6826942563056946,0.5114679932594299,0.6767209768295288,0.5560846328735352,0.6856551766395569,0.5820618271827698,0.7508019208908081,0.5212730169296265,0.6938005685806274,0.5376376509666443,0.6893998980522156,0.5816131234169006,0.6981136798858643,0.6018739342689514,0.7666393518447876,0.5486617088317871,0.7100889682769775,0.5611366629600525,0.7044159770011902,0.6012041568756104,0.7106966376304626,0.6222320199012756,0.7763250470161438,0.5836094617843628,0.7320478558540344,0.5856978297233582,0.7225229144096375,0.6110689043998718,0.725152850151062,0.6278738379478455,thumbs_up
0.7564024329185486,0.6503637433052063,0.7265872359275818,0.5739632248878479,0.7242348790168762,0.48971569538116455,0.727803647518158,0.4335184395313263,0.7233942151069641,0.3821471035480499,0.8035860657691956,0.45887404680252075,0.7569923996925354,0.4457058012485504,0.7411057949066162,0.49478548765182495,0.7405902147293091,0.5346060991287231,0.824967622756958,0.4797649383544922,0.7715520858764648,0.46464982628822327,0.7535256147384644,0.5167225003242493,0.7527921795845032,0.5522680282592773,0.8377892971038818,0.5112488269805908,0.788878858089447,0.4917210638523102,0.7696256041526794,0.5341501235961914,0.7682173252105713,0.5651413202285767,0.844560444355011,0.5487373471260071,0.8072773218154907,0.526646077632904,0.7868109345436096,0.5516142249107361,0.7830193638801575,0.5736299157142639,thumbs_up
0.7303745746612549,0.7115671634674072,0.7068918347358704,0.6270677447319031,0.7140158414840698,0.5444666743278503,0.7368460297584534,0.49277463555336,0.7624428272247314,0.457523375749588,0.775733232498169,0.5084192752838135,0.7305083870887756,0.5160821080207825,0.71261066198349,0.5588130950927734,0.7143150568008423,0.5824843049049377,0.7989976406097412,0.5388059616088867,0.7413383722305298,0.5595831871032715,0.7257378101348877,0.5965562462806702,0.7283306121826172,0.6121881008148193,0.8136501312255859,0.5797113180160522,0.7562679648399353,0.5982984304428101,0.7411177158355713,0.6265291571617126,0.7442162036895752,0.6364644765853882,0.8210775852203369,0.6245009899139404,0.7773911952972412,0.6331385970115662,0.7596303820610046,0.6471461057662964,0.7576214075088501,0.6525144577026367,thumbs_up
0.7155721187591553,0.7195466756820679,0.6859014630317688,0.6432172060012817,0.6729909181594849,0.5730185508728027,0.6689774990081787,0.5226014852523804,0.6674586534500122,0.47825515270233154,0.7490386962890625,0.5185163617134094,0.6972691416740417,0.5169925093650818,0.6837518215179443,0.56107097864151,0.6893374919891357,0.5889190435409546,0.773317813873291,0.5413441061973572,0.7106053829193115,0.5490005016326904,0.6985940933227539,0.5908318161964417,0.7044926285743713,0.6139424443244934,0.7881337404251099,0.5781646370887756,0.7288383841514587,0.5825860500335693,0.715252697467804,0.616703450679779,0.7178110480308533,0.6378075480461121,0.7965102791786194,0.6218122839927673,0.7530004382133484,0.6150289177894592,0.7314962148666382,0.6335684657096863,0.7244378924369812,0.6504464745521545,thumbs_up
0.711507260799408,0.7275590896606445,0.6813362836837769,0.6415329575538635,0.6754588484764099,0.5638018250465393,0.676514208316803,0.5069310069084167,0.6741695404052734,0.4597454071044922,0.7454800009727478,0.5228511691093445,0.694006621837616,0.5230845808982849,0.6822619438171387,0.5688344836235046,0.6887927055358887,0.5961659550666809,0.7688760757446289,0.5486081838607788,0.7066454887390137,0.5622327327728271,0.6953827142715454,0.5999342203140259,0.7001381516456604,0.6199671030044556,0.7826955318450928,0.5868690609931946,0.7231686115264893,0.5966856479644775,0.7093870639801025,0.6257985830307007,0.7107601165771484,0.6441348791122437,0.7887489795684814,0.6301918625831604,0.7447507977485657,0.6279870867729187,0.722980797290802,0.6420719623565674,0.7147853970527649,0.6553272604942322,thumbs_up
0.7065390348434448,0.7222188115119934,0.676207423210144,0.6401925086975098,0.6701259613037109,0.5621023774147034,0.6728011965751648,0.5055027604103088,0.6708441972732544,0.4570483863353729,0.7396116852760315,0.5165297985076904,0.690676212310791,0.5203936696052551,0.6767492294311523,0.5649656057357788,0.6812470555305481,0.5925372838973999,0.7626961469650269,0.5429031848907471,0.7024495601654053,0.5588652491569519,0.6900342106819153,0.5972779989242554,0.693507969379425,0.6184245347976685,0.7765741944313049,0.58121258020401,0.7175516486167908,0.5936657786369324,0.7038037776947021,0.6241278648376465,0.7049644589424133,0.6424580812454224,0.7833507657051086,0.6243381500244141,0.7374856472015381,0.6255804896354675,0.7175382375717163,0.6414207816123962,0.7111020088195801,0.6538370251655579,thumbs_up
0.7104458212852478,0.7288568019866943,0.6789316534996033,0.6439436674118042,0.6709028482437134,0.5667908787727356,0.6732411980628967,0.5095311999320984,0.6718840599060059,0.4610663950443268,0.7434732913970947,0.5231369137763977,0.6927420496940613,0.5218912363052368,0.6777976751327515,0.5672794580459595,0.6822882294654846,0.5949786305427551,0.7657278776168823,0.5480138063430786,0.7024965882301331,0.560692310333252,0.6907289624214172,0.599671483039856,0.6952168345451355,0.6208289861679077,0.7787272930145264,0.5852837562561035,0.7172120213508606,0.5961619019508362,0.7050987482070923,0.6272165179252625,0.7080482244491577,0.6453943252563477,0.7846617698669434,0.6271640658378601,0.7385020852088928,0.6273106336593628,0.7190952897071838,0.6421606540679932,0.7129151821136475,0.6537876725196838,thumbs_up
0.7056454420089722,0.7121042609214783,0.6762751340866089,0.6298079490661621,0.6724545955657959,0.5523979663848877,0.6770681738853455,0.49684375524520874,0.6776524186134338,0.4492824673652649,0.7403804063796997,0.5131913423538208,0.6921529769897461,0.5119231343269348,0.6800581216812134,0.555543839931488,0.6853376626968384,0.582738995552063,0.7621052861213684,0.5378573536872864,0.7028349041938782,0.5499785542488098,0.6917819976806641,0.5875126719474792,0.6958360075950623,0.6085680723190308,0.7748776078224182,0.5737079977989197,0.7182483673095703,0.5818971991539001,0.7049840688705444,0.611650824546814,0.705378532409668,0.6317989826202393,0.7807959318161011,0.6147864460945129,0.7386570572853088,0.6108776926994324,0.7179028987884521,0.6279987096786499,0.709506094455719,0.6440296173095703,thumbs_up
0.7071656584739685,0.7207576036453247,0.6774916648864746,0.6378946900367737,0.6763082146644592,0.5596665143966675,0.688050389289856,0.5045951008796692,0.6962498426437378,0.4562906324863434,0.7381864190101624,0.5213242173194885,0.689469039440155,0.5204601287841797,0.676957368850708,0.5637983083724976,0.6820778846740723,0.5905018448829651,0.7590147256851196,0.5455623269081116,0.7002667784690857,0.5567893981933594,0.6904292702674866,0.5965593457221985,0.6957723498344421,0.6157368421554565,0.771567702293396,0.5803847908973694,0.7148188352584839,0.589668333530426,0.7030373811721802,0.6218458414077759,0.7062802314758301,0.6381449699401855,0.7771059274673462,0.6207717657089233,0.7338315844535828,0.6191285848617554,0.7154019474983215,0.6360483169555664,0.7100365161895752,0.647424578666687,thumbs_up
0.6962389945983887,0.7215433716773987,0.6665262579917908,0.6396355628967285,0.6630122661590576,0.5605895519256592,0.6731275320053101,0.5051553845405579,0.6804090738296509,0.45681196451187134,0.7266867160797119,0.5154615044593811,0.6749731302261353,0.5187714695930481,0.6614651679992676,0.5610118508338928,0.6664120554924011,0.5855119824409485,0.7464951872825623,0.5391968488693237,0.6836915016174316,0.5553592443466187,0.6748750805854797,0.5931113362312317,0.6804630756378174,0.6109698414802551,0.7583268880844116,0.57442706823349,0.6978920102119446,0.5882248878479004,0.6888003349304199,0.6195541620254517,0.6930928230285645,0.6346778869628906,0.7640880942344666,0.6157718300819397,0.7177247405052185,0.6191201210021973,0.7007877230644226,0.6370437741279602,0.6961679458618164,0.6476705074310303,thumbs_up
